{
    "Name_Instance": "C106",
    "Customers": 10,
    "Vehicles": 10,
    "Routes": 10,
    "Time_Execution": 2519.1324138641357,
    "Best_Execution": {
        "FO": 846.9182653054166,
        "Routes": {
            "Route 0": [
                0,
                78,
                81,
                76,
                71,
                70,
                73,
                77,
                79,
                80,
                69,
                0
            ],
            "Route 1": [
                0,
                67,
                65,
                63,
                62,
                74,
                72,
                61,
                64,
                68,
                66,
                0
            ],
            "Route 2": [
                0,
                90,
                87,
                86,
                83,
                82,
                84,
                85,
                88,
                89,
                0
            ],
            "Route 3": [
                0,
                57,
                55,
                54,
                53,
                56,
                58,
                60,
                59,
                0
            ],
            "Route 4": [
                0,
                98,
                96,
                95,
                94,
                92,
                93,
                97,
                100,
                99,
                91,
                0
            ],
            "Route 5": [
                0,
                5,
                3,
                7,
                8,
                10,
                11,
                9,
                6,
                4,
                2,
                1,
                75,
                0
            ],
            "Route 6": [
                0,
                43,
                42,
                41,
                40,
                44,
                46,
                45,
                48,
                51,
                50,
                52,
                49,
                47,
                0
            ],
            "Route 7": [
                0,
                32,
                33,
                31,
                35,
                37,
                38,
                39,
                36,
                34,
                0
            ],
            "Route 8": [
                0,
                20,
                24,
                25,
                27,
                29,
                30,
                28,
                26,
                23,
                22,
                21,
                0
            ],
            "Route 9": [
                0,
                13,
                17,
                18,
                19,
                15,
                16,
                14,
                12,
                0
            ]
        },
        "Alpha": 1.2755274065035866,
        "Beta": 3.4483009372011972,
        "Gamma": 2.7292427697144737,
        "Rho": 0.39466345683999704
    },
    "Worse_Execution": {
        "FO": 954.2835435931054,
        "Routes": {
            "Route 0": [
                0,
                87,
                86,
                83,
                81,
                82,
                84,
                85,
                88,
                89,
                69,
                0
            ],
            "Route 1": [
                0,
                90,
                78,
                76,
                71,
                70,
                73,
                77,
                79,
                80,
                0
            ],
            "Route 2": [
                0,
                20,
                24,
                25,
                27,
                29,
                30,
                28,
                26,
                23,
                22,
                21,
                0
            ],
            "Route 3": [
                0,
                5,
                3,
                7,
                8,
                10,
                11,
                9,
                6,
                4,
                2,
                1,
                75,
                0
            ],
            "Route 4": [
                0,
                32,
                33,
                31,
                35,
                37,
                38,
                39,
                36,
                34,
                0
            ],
            "Route 5": [
                0,
                13,
                17,
                18,
                19,
                15,
                16,
                14,
                12,
                66,
                0
            ],
            "Route 6": [
                0,
                98,
                96,
                95,
                94,
                92,
                93,
                97,
                100,
                99,
                91,
                0
            ],
            "Route 7": [
                0,
                57,
                55,
                54,
                53,
                56,
                58,
                60,
                59,
                0
            ],
            "Route 8": [
                0,
                67,
                65,
                63,
                62,
                74,
                72,
                61,
                64,
                68,
                52,
                0
            ],
            "Route 9": [
                0,
                43,
                42,
                41,
                40,
                44,
                46,
                45,
                48,
                51,
                50,
                49,
                47,
                0
            ]
        },
        "Alpha": 1.5400012638093754,
        "Beta": 6.559515022768336,
        "Gamma": 10.0,
        "Rho": 0.8767303283974374
    }
}