{
    "Name_Instance": "C101",
    "Customers": 100,
    "Vehicles": 10,
    "Routes": 10,
    "Time_Execution": 130.86351895332336,
    "Best_Execution": {
        "FO": 828.936866942834,
        "Routes": {
            "Route 0": [
                0,
                5,
                3,
                7,
                8,
                10,
                11,
                9,
                6,
                4,
                2,
                1,
                75,
                0
            ],
            "Route 1": [
                0,
                13,
                17,
                18,
                19,
                15,
                16,
                14,
                12,
                0
            ],
            "Route 2": [
                0,
                81,
                78,
                76,
                71,
                70,
                73,
                77,
                79,
                80,
                0
            ],
            "Route 3": [
                0,
                57,
                55,
                54,
                53,
                56,
                58,
                60,
                59,
                0
            ],
            "Route 4": [
                0,
                98,
                96,
                95,
                94,
                92,
                93,
                97,
                100,
                99,
                0
            ],
            "Route 5": [
                0,
                20,
                24,
                25,
                27,
                29,
                30,
                28,
                26,
                23,
                22,
                21,
                0
            ],
            "Route 6": [
                0,
                67,
                65,
                63,
                62,
                74,
                72,
                61,
                64,
                68,
                66,
                69,
                0
            ],
            "Route 7": [
                0,
                32,
                33,
                31,
                35,
                37,
                38,
                39,
                36,
                34,
                0
            ],
            "Route 8": [
                0,
                90,
                87,
                86,
                83,
                82,
                84,
                85,
                88,
                89,
                91,
                0
            ],
            "Route 9": [
                0,
                43,
                42,
                41,
                40,
                44,
                46,
                45,
                48,
                51,
                50,
                52,
                49,
                47,
                0
            ]
        },
        "Alpha": 1.3029288473172418,
        "Beta": 1.6412602543867358,
        "Gamma": 1.866040708223323,
        "Rho": 0.44584901884111294
    },
    "Worse_Execution": {
        "FO": 898.319282363261,
        "Routes": {
            "Route 0": [
                0,
                43,
                42,
                41,
                40,
                44,
                46,
                45,
                48,
                51,
                50,
                52,
                49,
                0
            ],
            "Route 1": [
                0,
                20,
                24,
                25,
                27,
                29,
                30,
                28,
                26,
                23,
                22,
                0
            ],
            "Route 2": [
                0,
                98,
                96,
                95,
                94,
                92,
                93,
                97,
                100,
                0
            ],
            "Route 3": [
                0,
                13,
                17,
                18,
                19,
                15,
                16,
                14,
                12,
                99,
                0
            ],
            "Route 4": [
                0,
                57,
                55,
                54,
                53,
                56,
                58,
                60,
                59,
                0
            ],
            "Route 5": [
                0,
                81,
                78,
                76,
                71,
                70,
                73,
                77,
                79,
                80,
                21,
                47,
                0
            ],
            "Route 6": [
                0,
                5,
                3,
                7,
                8,
                10,
                11,
                9,
                6,
                4,
                2,
                1,
                75,
                0
            ],
            "Route 7": [
                0,
                67,
                65,
                63,
                62,
                74,
                72,
                61,
                64,
                68,
                66,
                69,
                0
            ],
            "Route 8": [
                0,
                90,
                87,
                86,
                83,
                82,
                84,
                85,
                88,
                89,
                91,
                0
            ],
            "Route 9": [
                0,
                32,
                33,
                31,
                35,
                37,
                38,
                39,
                36,
                34,
                0
            ]
        },
        "Alpha": 1.8286687172788638,
        "Beta": 1.7614582797554916,
        "Gamma": 0.6456849933073532,
        "Rho": 0.7340614482904295
    }
}