{
    "Name_Instance": "C106",
    "Customers": 100,
    "Vehicles": 10,
    "Routes": 10,
    "Time_Execution": 1220.904705286026,
    "Best_Execution": {
        "FO": 856.1388909395043,
        "Routes": {
            "Route 0": [
                0,
                43,
                42,
                41,
                40,
                44,
                46,
                45,
                48,
                51,
                50,
                52,
                49,
                47,
                0
            ],
            "Route 1": [
                0,
                67,
                65,
                63,
                62,
                74,
                72,
                61,
                64,
                68,
                66,
                0
            ],
            "Route 2": [
                0,
                90,
                87,
                86,
                83,
                82,
                84,
                85,
                88,
                89,
                91,
                69,
                0
            ],
            "Route 3": [
                0,
                98,
                96,
                95,
                94,
                92,
                93,
                97,
                100,
                99,
                0
            ],
            "Route 4": [
                0,
                57,
                55,
                54,
                53,
                56,
                58,
                60,
                59,
                0
            ],
            "Route 5": [
                0,
                20,
                24,
                25,
                27,
                29,
                30,
                28,
                26,
                23,
                22,
                21,
                0
            ],
            "Route 6": [
                0,
                78,
                81,
                76,
                71,
                70,
                73,
                77,
                79,
                80,
                0
            ],
            "Route 7": [
                0,
                32,
                33,
                31,
                35,
                37,
                38,
                39,
                36,
                34,
                0
            ],
            "Route 8": [
                0,
                5,
                3,
                7,
                8,
                10,
                11,
                9,
                6,
                4,
                2,
                1,
                75,
                0
            ],
            "Route 9": [
                0,
                13,
                17,
                18,
                19,
                15,
                16,
                14,
                12,
                0
            ]
        },
        "Alpha": 0.8948780039303008,
        "Beta": 4.5086239602500715,
        "Gamma": 6.0325295517857045,
        "Rho": 0.7613449459965753
    },
    "Worse_Execution": {
        "FO": 953.122200439494,
        "Routes": {
            "Route 0": [
                0,
                57,
                55,
                54,
                53,
                56,
                58,
                60,
                59,
                0
            ],
            "Route 1": [
                0,
                90,
                78,
                76,
                71,
                82,
                84,
                85,
                88,
                0
            ],
            "Route 2": [
                0,
                67,
                65,
                63,
                62,
                74,
                72,
                61,
                64,
                68,
                66,
                69,
                0
            ],
            "Route 3": [
                0,
                13,
                17,
                18,
                19,
                15,
                16,
                14,
                12,
                4,
                0
            ],
            "Route 4": [
                0,
                5,
                3,
                7,
                8,
                10,
                11,
                9,
                6,
                99,
                2,
                1,
                75,
                0
            ],
            "Route 5": [
                0,
                20,
                24,
                25,
                27,
                29,
                30,
                28,
                26,
                23,
                22,
                0
            ],
            "Route 6": [
                0,
                98,
                96,
                95,
                94,
                92,
                93,
                97,
                100,
                91,
                89,
                0
            ],
            "Route 7": [
                0,
                87,
                86,
                83,
                81,
                73,
                70,
                77,
                79,
                80,
                21,
                0
            ],
            "Route 8": [
                0,
                43,
                42,
                41,
                40,
                44,
                46,
                45,
                48,
                51,
                50,
                52,
                49,
                47,
                0
            ],
            "Route 9": [
                0,
                32,
                33,
                31,
                35,
                37,
                38,
                39,
                36,
                34,
                0
            ]
        },
        "Alpha": 1.6717213602915275,
        "Beta": 9.669271120250272,
        "Gamma": 8.193963041849303,
        "Rho": 0.6337247104647497
    }
}