{
    "Name_Instance": "C202",
    "Customers": 100,
    "Vehicles": 3,
    "Routes": 3,
    "Time_Execution": 1090.7436983585358,
    "Best_Execution": {
        "FO": 591.5565566715014,
        "Routes": {
            "Route 0": [
                0,
                93,
                5,
                75,
                2,
                1,
                99,
                100,
                97,
                92,
                94,
                95,
                98,
                7,
                3,
                4,
                89,
                91,
                88,
                84,
                86,
                83,
                82,
                85,
                76,
                71,
                70,
                73,
                80,
                79,
                81,
                78,
                77,
                96,
                87,
                90,
                0
            ],
            "Route 1": [
                0,
                20,
                22,
                24,
                27,
                30,
                29,
                6,
                32,
                33,
                31,
                35,
                37,
                38,
                39,
                36,
                34,
                28,
                26,
                23,
                18,
                19,
                16,
                14,
                12,
                15,
                17,
                13,
                25,
                9,
                11,
                10,
                8,
                21,
                0
            ],
            "Route 2": [
                0,
                67,
                63,
                62,
                74,
                72,
                61,
                64,
                66,
                69,
                68,
                65,
                49,
                55,
                54,
                53,
                56,
                58,
                60,
                59,
                57,
                40,
                44,
                46,
                45,
                51,
                50,
                52,
                47,
                43,
                42,
                41,
                48,
                0
            ]
        },
        "Alpha": 1.505855467746215,
        "Beta": 6.230116160690862,
        "Gamma": 4.225734794977112,
        "Rho": 0.14943144549347276
    },
    "Worse_Execution": {
        "FO": 863.5839528092968,
        "Routes": {
            "Route 0": [
                0,
                48,
                22,
                74,
                72,
                61,
                64,
                66,
                69,
                68,
                35,
                37,
                38,
                39,
                36,
                34,
                28,
                26,
                23,
                18,
                19,
                16,
                14,
                12,
                15,
                17,
                13,
                25,
                9,
                11,
                10,
                8,
                21,
                75,
                2,
                0
            ],
            "Route 1": [
                0,
                93,
                20,
                24,
                27,
                30,
                29,
                6,
                32,
                33,
                65,
                49,
                55,
                54,
                53,
                56,
                58,
                60,
                59,
                57,
                40,
                44,
                46,
                45,
                51,
                50,
                52,
                47,
                43,
                42,
                41,
                31,
                96,
                87,
                90,
                0
            ],
            "Route 2": [
                0,
                67,
                63,
                62,
                5,
                99,
                100,
                97,
                92,
                94,
                95,
                1,
                98,
                7,
                4,
                89,
                3,
                88,
                84,
                86,
                83,
                82,
                85,
                76,
                71,
                70,
                73,
                80,
                79,
                81,
                78,
                77,
                91,
                0
            ]
        },
        "Alpha": 0.7088022091278432,
        "Beta": 4.944951134503659,
        "Gamma": 9.608036461161706,
        "Rho": 0.3588838365282051
    }
}