{
    "Time_Execution": 747.5499355792999,
    "Best_Execution": {
        "FO": 591.5565566715014,
        "Routes": {
            "Route 0": [
                0,
                93,
                5,
                75,
                2,
                1,
                99,
                100,
                97,
                92,
                94,
                95,
                98,
                7,
                3,
                4,
                89,
                91,
                88,
                84,
                86,
                83,
                82,
                85,
                76,
                71,
                70,
                73,
                80,
                79,
                81,
                78,
                77,
                96,
                87,
                90,
                0
            ],
            "Route 1": [
                0,
                20,
                22,
                24,
                27,
                30,
                29,
                6,
                32,
                33,
                31,
                35,
                37,
                38,
                39,
                36,
                34,
                28,
                26,
                23,
                18,
                19,
                16,
                14,
                12,
                15,
                17,
                13,
                25,
                9,
                11,
                10,
                8,
                21,
                0
            ],
            "Route 2": [
                0,
                67,
                63,
                62,
                74,
                72,
                61,
                64,
                66,
                69,
                68,
                65,
                49,
                55,
                54,
                53,
                56,
                58,
                60,
                59,
                57,
                40,
                44,
                46,
                45,
                51,
                50,
                52,
                47,
                43,
                42,
                41,
                48,
                0
            ]
        },
        "Alpha": 1.8720921853167292,
        "Beta": 1.9888553179550759,
        "Gamma": 0.8753979205678528,
        "Rho": 0.423354246927766
    },
    "Worse_Execution": {
        "FO": 603.8792840880658,
        "Routes": {
            "Route 0": [
                0,
                67,
                63,
                62,
                74,
                72,
                61,
                64,
                66,
                69,
                68,
                65,
                49,
                55,
                54,
                53,
                56,
                58,
                60,
                59,
                57,
                40,
                44,
                46,
                45,
                51,
                50,
                52,
                47,
                43,
                42,
                41,
                48,
                21,
                0
            ],
            "Route 1": [
                0,
                20,
                22,
                24,
                27,
                30,
                29,
                6,
                32,
                33,
                31,
                35,
                37,
                38,
                39,
                36,
                34,
                28,
                26,
                23,
                18,
                19,
                16,
                14,
                12,
                15,
                17,
                13,
                25,
                9,
                11,
                10,
                8,
                0
            ],
            "Route 2": [
                0,
                93,
                5,
                75,
                2,
                1,
                99,
                100,
                97,
                92,
                94,
                95,
                98,
                7,
                3,
                4,
                89,
                91,
                88,
                84,
                86,
                83,
                82,
                85,
                76,
                71,
                70,
                73,
                80,
                79,
                81,
                78,
                77,
                96,
                87,
                90,
                0
            ]
        },
        "Alpha": 1.1316994893940675,
        "Beta": 1.7677906424812257,
        "Gamma": 0.7251714587858036,
        "Rho": 0.2583503380186243
    }
}