{
    "Name_Instance": "C201",
    "Customers": 100,
    "Vehicles": 3,
    "Routes": 3,
    "Time_Execution": 2577.8826189041138,
    "Best_Execution": {
        "FO": 591.5565566715014,
        "Routes": {
            "Route 0": [
                0,
                93,
                5,
                75,
                2,
                1,
                99,
                100,
                97,
                92,
                94,
                95,
                98,
                7,
                3,
                4,
                89,
                91,
                88,
                84,
                86,
                83,
                82,
                85,
                76,
                71,
                70,
                73,
                80,
                79,
                81,
                78,
                77,
                96,
                87,
                90,
                0
            ],
            "Route 1": [
                0,
                67,
                63,
                62,
                74,
                72,
                61,
                64,
                66,
                69,
                68,
                65,
                49,
                55,
                54,
                53,
                56,
                58,
                60,
                59,
                57,
                40,
                44,
                46,
                45,
                51,
                50,
                52,
                47,
                43,
                42,
                41,
                48,
                0
            ],
            "Route 2": [
                0,
                20,
                22,
                24,
                27,
                30,
                29,
                6,
                32,
                33,
                31,
                35,
                37,
                38,
                39,
                36,
                34,
                28,
                26,
                23,
                18,
                19,
                16,
                14,
                12,
                15,
                17,
                13,
                25,
                9,
                11,
                10,
                8,
                21,
                0
            ]
        },
        "Alpha": 1.8206043540548662,
        "Beta": 1.8011231444579774,
        "Gamma": 1.0723989165198935,
        "Rho": 0.5613541159476938
    },
    "Worse_Execution": {
        "FO": 627.9941566511368,
        "Routes": {
            "Route 0": [
                0,
                93,
                5,
                75,
                2,
                1,
                99,
                100,
                97,
                92,
                94,
                95,
                98,
                7,
                3,
                4,
                89,
                91,
                88,
                84,
                86,
                83,
                82,
                85,
                76,
                71,
                70,
                73,
                80,
                79,
                81,
                78,
                77,
                0
            ],
            "Route 1": [
                0,
                20,
                22,
                24,
                27,
                30,
                29,
                6,
                32,
                33,
                31,
                35,
                37,
                38,
                39,
                36,
                34,
                28,
                26,
                23,
                18,
                19,
                16,
                14,
                12,
                15,
                17,
                13,
                25,
                9,
                11,
                10,
                8,
                21,
                0
            ],
            "Route 2": [
                0,
                67,
                63,
                62,
                74,
                72,
                61,
                64,
                66,
                69,
                68,
                65,
                49,
                55,
                54,
                53,
                56,
                58,
                60,
                59,
                57,
                40,
                44,
                46,
                45,
                51,
                50,
                52,
                47,
                43,
                42,
                41,
                48,
                96,
                87,
                90,
                0
            ]
        },
        "Alpha": 0.9035792603768257,
        "Beta": 1.505021152966847,
        "Gamma": 0.5916691028722436,
        "Rho": 0.7176659923471808
    }
}